{"cameraMode":{"drawMode":0,"name":"Shaded","section":"Shading Mode"},"sceneLighting":false,"audioPlay":false,"sceneViewState":{"m_AlwaysRefresh":true,"showFog":true,"showSkybox":false,"showFlares":true,"showImageEffects":true,"showParticleSystems":true,"showVisualEffectGraphs":true,"m_FxEnabled":true},"in2DMode":false,"pivot":{"x":0.8772874474525452,"y":0.9276187419891357,"z":-0.33095091581344607},"rotation":{"x":-0.11781037598848343,"y":0.1292080283164978,"z":0.015464020892977715,"w":0.9844782948493958},"size":1.4320058822631837,"orthographic":false}